lyrics,Title
"﻿Abandenden ne wo Yehowa
(The Lord is our fortress)
Wo mu na ahotsewfo nyinaa dwane betoa
(In You, the righteous seek refuge)
Wo mu na ahotsewfo nyinaa benya fahodzi
(In You, the righteous will find refuge)
Abandenden ne wo Yehowa
(The Lord is our fortress)",ABANDENDEN NE WO YEHOWA
"﻿Abode nyinaa yi W’aye Ewurade
(All creation praise Your name)
Me nso me yi W’aye daa nyinaa
(I’ll praise you all my life )
Abode nyinaa yi W’aye Ewurade
(All creation praise Your name)
Me nso me yi W’aye daa nyinaa
(I’ll praise you all my life )",ABODE NYINAA YI W'AYE
"﻿Abɔde nyinara, mo nkoto Ewurade
(Let all creation praise the Lord)
W’edi nkunim, εnuonyam sε No
(He has triumphed, He is worthy of all glory)
Ɔhene Yesu ne yεn Ewurade
(Our King Jesus is our God)
W’edi nkunim, εnuonyam sε No
(He has triumphed, He is worthy of all glory)
Ɔhene Yesu ne yεn Ewurade
(Our King Jesus is our God)","ABODE NYINARA, MO NKOTO EWURADE"
"﻿Abra metse ase yi, meyi Wo din ayε
(While I live, I will praise Your name)
Wo sε ayeyi; Wo sε ndaase
(You deserve the praise; You deserve thanksgiving)
Ɔkrɔnkrɔn Nyame, meyi Wo din ayε
(Holy God, I will praise Your name)",ABRA METSE ASE YI (WO SE AYEYI)
"﻿Adεn nti na merennda W’ase Yehowa
(Why won’t I praise You Jehovah)
Sε mehwε Wo ndwuma esi fa
(When I see Your works)
W’ayemuyie dɔɔ so Awurade
(Your goodness is great Lord)
Adεn nti na merennda W’ase Yehowa
(Why won’t I praise You Jehovah)",ADEN NTI NA MERENDA W'ASE YEHOWA
"﻿Adom bi wo Jesus, emu na mensa ka
(I find a certain grace in Jesus)
Adom mu na metse ase
(I live in that grace)
Emu na mekeka meho
(I am quickened in it)
Emu na meye m’ade nyinaa
(In it, I do all things)
Adom, Adom
(Grace, Grace)
Adom bi a menya
(Some grace I have found)
Adom mu na metse ase
(I live in that grace)
Emu na mekeka meho
(I am quickened in it)
Emu na meye m’ade nyinaa
(In it, I do all things)",ADOM BI WO JESUS
"﻿Afe ako aprow aboto hen so bio 
(The year has gone a full cycle, It has come to meet us again)
Adom Nyame ennjum hen
(God our Father did not permit us to die)
W’amam afe pa ato hen
(He has blessed us with a good year)
Chorus
Afenhia pa; Afe nko mboto hen so bio
(Merry Christmas, May another year come to meet us alive)
Afenhyia pa nko mboto hen bio
(May another year come to meet us alive)",AFE AKO APROW
"﻿Ayei Ayei Ayei
Agya mεbɔ Wo mmerane, mmerane sε Wo
(Father, I will sing Your appellations, You are worthy of appellations) 
Agya mεbɔ Wo din, aseda sε Wo
(Father, I will praise Your Name, You are worthy of thanks)",AGYA MEBO WO MMERANE (AYEI AYEI)
"﻿Ɔɔε
Agya Onyame W’ayε mu yie dɔɔ so
(God, your goodness is abundant)
Ewɔ hɔ ma yεn wɔ akwan nyinaa mu
(It is available for us in every way)
Nti fa w’asεm nyinaa hyε Ne nsa
(So cast all your cares into His hands)
W’ayε mu yie dɔɔ so
(His goodness is abundant)
W’ayε mu yie kata yε bɔne so
(Your goodness covers all our sins)
W’ayε mu yie na εma yεn nhyira
(Your goodness gives us blessings)",AGYA ONYAME W'AYE MU YIE DOO SO
"﻿Ɔɔε
Onyankopɔn
Aman nyinaa beyi W’ayε
Aman nyinaa beda W’ase
(All nations shall give You thanks)




",AMAN NYINAA BEYI
"﻿Amen, Amen
Nhyira ne anyonyam, Ne nyansa, ne aseda
(Blessing and Glory, Wisdom and Thanks)
Ne Nidee, Ne tumi
(And Honor and power)
Ne ahooden, eye Onyankopon ne dee daa
(And strength belong to God forever)
Amen


","AMEN, AMEN NHYIRA NE ENUONYAM"
"﻿Ampara Nyame na oye
(Indeed, the Lord is good)
Eno nti, moma yenfa ndaase ma No
(For this, let us give thanks to Him)
Ampara Nyame na oye
(Indeed, the Lord is good)",AMPARA NYAME NA OYE
"﻿Ampara, Wo yε daa daa Nyame
(Truly, You are the Everlasting God)
Ampara, Wo yε soro Egya
(Truly, You are our Heavenly Father)
Ampara, obiara ntse sε Wo
(Truly, there is none like You)
Eno ntsi, yεbεsom Wo daa
(For this, we will forever praise You)
Wo yε daa Nyame, Egya pa ne Wo
(You are the Eternal God, Our Father)
Wotse saa daa, Wonnsesa da
(You are the same, You never change)
Wɔ ahoɔden mu, wɔ nimdeε mu 
(In strength, In wisdom)
Ɔsoro nyinaa
(All heavens) 
Wo mba, yεbεbɔ Wo din na y’asɔre Wo
(Your children, we will praise Your name and exalt You)
We worship You Lord",AMPARA WO YE DAA DAA NYAME (EUGENE ZUTA)
"﻿Aseda nka Ewurade, sε wama adom ayε de
(Thanks be to God, that I You have given me grace)
Wa yimi afri obonsam hyihye mu
(You have delivered me from the works of the devil)
Se bibriwɔ aseda kyia, wo na mede be ma wo,
(If there is anything beyond thanks, it’s You I will give to)
Mia misε bi, wa ma sε bi wayeyi rinsada
(You’ve made me “somebody,” Your praises will never end)",Aseda Nka Ewurade   High Life
"﻿Aseda nka Onyame
(Thanks be to God)
Nyame a one yen wo ho
(The God who is with us)
Ne neama eyaa oye, eye wanwa
(His handiworks are wonderful)
Ne neama eye nhyira
(His works are blessings)
Nyinaa firi Ewurade ho
(All come from the Lord)
Aseda fore a ese, wonfa ma No
(Worthy sacrifices of thanksgiving must be offered to Him)
Wonfa ma No, Wonfa ma No
(Offer them to Him, Offer them to Him)
Wonfa ma Ewurade No
(Offer them to the Lord)
Ne neama eye nhyira
(His works are blessings)
Nyinaa firi Ewurade ho
(All come from the Lord)
Aseda fore a ese, wonfa ma No
(Worthy sacrifices of thanksgiving must be offered to Him)
Wonfa ma No, Wonfa ma No
(Offer them to Him, Offer them to Him)",ASEDA NKA ONYAME (WƆNFA MMA NO)
"﻿Aseda nyinaa yε Wodze, Jesus, 
me botantim Nyame
Ayeyi nyinaa yε Wodze, Jesus
 M’akokyεm ne m’abankεse, ne Wo
Onyame nea w’ayε dɔɔso
W’adom nti na yε tease
Aseda nyinaa yε wode, Jesus
Yεbεka nea w’ayε akyerε aman, Jesus
Yεbεbɔ wo din, daa daa, 
M’akokyεm ne m’abankεse, ne Wo ",ASEDA NYINA YE WO DE
"﻿Ɔɔε
Agyenkwa Yesu firi soro tɔɔ
(Saviour Jesus came all the way from heaven)
Bε wui ma me, Bε wui ma wo
Ɔdebɔyεni ɔtsε me na W’aye me sei yi 






",AWANWASEM NO
"﻿Agyenkwa Yesu firi soro tɔɔ
(Savior Jesus came all the way from heaven)
Bε wui ma me, Bε wui ma wo
(To die for you, to die for me)
Ɔdebɔyεni ɔtsε me na W’ayε me sε yi
(You have done this for a sinner like me)
Awanwasεm yi de εtse sεn
(How could this wonderful news be)
Sε Yesu bε wui ma me εne wo
(That Jesus came to die for me and You)
Ogyaa N’ahenkyεw ne N’ahengwa 
(He left His kingship and His throne)
Na W’ayε me sε yi
(And has made me this way)",AWANWASEM YI DE ETSE SEN(AGYENKWA YESU)
"﻿Agyenkwa Yesu firi soro tɔɔ
(Savior Jesus came all the way from heaven)
Bε wui ma me, Bε wui ma wo
(To die for you, to die for me)
Ɔdebɔyεni ɔtsε me na W’ayε me sε yi
(You have done this for a sinner like me)
Awanwasεm yi de εtse sεn
(How could this wonderful news be)
Sε Yesu bε wui ma me εne wo
(That Jesus came to die for me and You)
Ogyaa N’ahenkyεw ne N’ahengwa 
(He left His kingship and His throne)
Na W’ayε me sε yi
(And has made me this way)",AWANWASEM YI DE ETSE SEN(AGYENKWA YESU)
"﻿Ayei Ayei Ayei, Wo din ne Wo ho sε O
(You are worthy of Your name)
Yei Yei Yei, monngya me na menbɔ Ne din
(Let me mention His name)
Ɔyε me kyεm, me han ne me kataboɔ
(He is my defense, my light and my covering)
Dɔm Barima Yesu ei, Wo din ne Wo ho sε O
(Lord Jesus, You are worthy of Your name)","AYEI AYEI AYEI, WO DIN NO WO HO SE O"
"﻿ Ei
(Lord of Praise)
Yeyi W’aye 
(We praise You)
Na ye ma Wo so
(And we exalt You)",AYEYI WURA
"﻿Daa daa, mεbɔ me senku daa
(I will always play my praise)
Ɔsabarima, David ba mεbɔ me senku daa
(The Lord, Son of David, I will forever play your praise) 
Mede awerεhow, enigye mu mεbɔ me senku daa
(I will gladly play Your praise with my 
Mede me tεkyerεma bεkamfo Wo, me Gyefo Nyankopɔn 
(I will adore you with my flute) 
Ɔsabarima, David ba mεbɔ me senku daa
(The Lord, Son of David, I will forever play your praise) 
Enigye mu o, awerεhow mu o
(In joy and in sorrow)
Mebɔ me senku daa
(I will play my praise)
",DAA DAA MEBO ME SENKU DAA
"﻿Daa daa Yehowa ye; (Na N’adɔyε wɔ hɔ daa) 
(The Lord is good always); (And His love endures forever) 
Yehowa ye na N’adɔyε wɔ hɔ daa
(The Lord is good and His love endures forever)",DAA DAA YEHOWA YE
"﻿ɔsoro yε Wo de, asaase yε Wo de
(The heavens belong to You, the earth belongs to You)
Ɔhen biara nnte sε Wo
(There is no King like You)

(Be enthroned)",DI WO HENE
"﻿Di yεn kan, ɔkwankyerεfo Nyame
(Lead us, our Leader God) 
Di yεn kan, na kyerε yεn kwan
(Lead us and show us the way)
Di yεn kan, ɔkwankyerεfo Nyame
(Lead us, our Leader God) 
Di yεn kan, na kyerε yεn kwan
(Lead us and show us the way)
W’asεm no
(Your Word)
W’asεm no yε ogya
(Your Word is fire)",DI YΕN KAN OKWANKYERΕFO NYAME
"Dεn na menfa nda Onyankopon n’ase?
(What should I use to thank the Lord?)
Dεn na menfa nyi Onyankopon n’ayε?
(What should I use to praise the Lord?)
Me de ma no fafa beyi Nyame ayε
(I will use my mouth to Praise the Lord)
Na ma bɔ ne din sε daa-nkwa Nyame
(And mention His name as the Everlasting God)",DΕN NA MENFA NDA
"﻿εda Yehowa ne nemba no betwa epo no
(The day the Lord will cross the Red Sea with His children) 
Ehurusi bεba Israel
(There will be celebration in Israel)
O Israel eni bεgye
(O Israel will be joyful)
Da no na Israel, eni bεgye
(That day, Israel will be joyful)
Ehurusi bεba Israel
(There will be celebration in Israel)
O Israel eni bεgye
(O Israel will be joyful)",EDA YEHOWA NE NE MBA NO BETWA EPO NO
"﻿Ɔto me pon, wɔ m’atamfo enim
(He set a table before me in the presence of my enemies)

Emma m’eni nwu, εmma m’atamfo nsere me
(Don’t disappoint me, Don’t permit my enemies to mock me)
Ewurade, hyε Wo enuonyam
(Lord, reveal Your glory)
Kyerε me W’akwan, na me mfa so
(Show me Your way)
Ma me nantse wɔ nokware mu
(Let me walk in Your truth)","EMMA M'ENI NWU, EMMA M'ATAMFO NSERE ME(KYERE ME W'AKWAN)"
"﻿Enigye sεm kεse, ɔtse dεm yi
(Such great news as this)
Yεn Dimafo Nyame tse ase
(Our Advocate is alive)
Nhyira nka yεn atseafo no
(Blessed are we those who yet live)
Wɔ awanwa dɔ a Ɔde dɔ yεn daa
(For His wonderful abiding love towards us)
Nyame tse ase O, Halleluyah
(God is alive, Halleluyah)
Ɔde N’adom no hwε yεn so daa daa
(He always cares for us with His grace)
Ɔma yεn daa edziban, Ɔyε yεn hia adze nyinaa
(He gives us our daily bread, He provides all our needs)
Halleluyah, Nyame tse ase O daa
(Halleluyah, God is alive forever)","ENIGYE SEM KESE, OTSE DEM YI (NYAME TE ASE)"
"﻿Ma me mu ade nyinara, hyε Wo enuonyam
(Let everything within me give You glory)
Ma me mu ade nyinara, hyε Wo enuonyam
(Let everything within me give You glory)
Enuonyam, Enuonyam
(Glory, glory)
Enuonyam nka Oguamba a wokum no
(Glory to the Lamb that was slain)",ENUONYAM (MA ME MU ADE NYINARA)
"﻿Ɔɔε
Enuonyam εnuonyam nka Oguamba No
(Glory, Glory to the Lamb) 
Moma Yesu Din no so, na W’edi nkunim
(Lift up the Name of Jesus for He has triumphed)
Kristo Asafo no, mombɔ ose ma yεn Hen no
(Saints of God, praise Our King)",ENUONYAM ENUONYAM NKA OGUAMBA NO
"Ese Oluwa !
Ese Baba Oh
Ese Oluwa !
Awadupe Baba…
He gave me shelter when I had no other
He made a way when there was no way
He turn my darkness into light
(Awadupe Baba)
He put food on my table Daddy
You comfort me when I was lost
Who can be compared unto you?
( Awadupe Baba)
Awaupe Baba oooo
(Awadupe Baba)
Awadupe Eledumare
(Awadupe Baba)
Ese Oluwa
Ese Baba oo
Ese Oluwa
Awadupe Baba
Baba, wey
Baba wey dey for heaven now  ooh
We go praise You now,eeeh
We go praise You Baba
Praise You Baba , Praise You Baba eeeh
We go praise You Baba …..",ESE OLUWA
"﻿Ewurade, Wo ne me edi no yie
(Lord, You have dealt well with me)
Sε mannda W’ase a, ne me yε bɔne ayεfo
(I would be a wrongdoer not to thank You)
Sε me kae, bebia me firi
(When I remember where I came from)
Ne penpenso a Wo de me eduru a
(And how far You have brought me)
Adom Wura, Wo ne me edi no yie
(God of all grace, You have dealt well with me)
Ewurade, W’ayε bi
(Lord You have been good)
Ne a W’ayε ama me εsom me bo dodow
(What You have done for me means so much)
Nti W’aseda ndwom emmpa m’enumu da
(Songs of thanks to You will not depart from my lips)
Sε mennyi W’ayε a, na mennya ayε 
(I would be ungrateful not to praise You)
Sε me kae, ne a mafa mu
(When I remember what I have been through) 
Ne adom a Wo de adom me a
(And the grace You have graced me with)
Adom Wura, Wo ne me edi no yie
(God of all grace, You have dealt well with me)
Adom Wura
(God of  all Grace)
Adom Wura, Wo ne me edi no yie
(You have dealt well with me)","EWURADE, NO NE ME EDI NO YIE (ADOM WURA)"
"﻿Ewuradze Wo ne m’ade nyinaa
(Lord You are my all)
Sε wonnyi hɔ a, nka mennsε hwee
(Without You I am nothing)
M’Agyenkwa dεifo ei,
(My Savior) 
Ewuradze m’ahoɔdzen nye Wo
(Lord You are my strength)
Eno ntsi na mekoto serε Wo sε
(That is why I kneel asking of You)
Agyenkwa hyε Wo ho enuonyam
(Savior, glorify Yourself)
Ma nyimpa nyinaa nhu sε
(For all men to see)
Wo ne Ewuradze
(You are Lord)
Me Wura Nyame
(My Lord and God)
Wo na me dan Wo
(You are the One I look to)
Mesu frε Wo a, Egya εya tsie me ne
(When I cry to You, Father do listen to my voice)
Wo ne m’abandenden
(You are my fortress)
Wo ne me Yehowa
(You are my Lord)
Minnyi Obia Egya agye sε Wonkoaa
(I have no one but You)
Fa Wo nsa tserenee no
(With Your Righteous Hand)
Gye me firi m’atamfo nsa mu
(Rescue me from the hands of my enemies)
Ma wonhyehyε nyinaa
(Cause all their plans)
Dan no yε nhyira ma me
(Turn them around to become blessings in my favor)
Mefiri me nyimpa dua nyinara mu 
(From every part of my being)
Fa wo tumi no bɔ me ho ban
(Protect me with Your power) 
Na ma me yε sε obotantim a ennhinhim
(And make me an immovable mountain)",EWURADZE WONYI M'ADZE NYINAA (MAME YΕ SΕ OBOTANTIM A)
"﻿Ewuradze, yεbεsom wo dabaa
(Lord, we will praise you always)
Oseeyee, monyi Ewuradze ayε
(Praise the Lord)","EWURADZE, YΕBΕSOM WO DABAA"
"﻿Fa meyε ne a Wopε
(Use me as You please)
Meyε Wo mogya somfo
(I am a servant of Your blood)  
Wode Wo mogya atɔ me
(You have purchased me with Your blood)  
Ewurade, fa meyε ne a Wopε
(Lord, use me as You please)",FA ME YΕ NE A WOPΕ
,FA YΕN SI
"Gye w’ayeyi, M’Egya
(Take your praise my Father)
Fa m’akoma ne me nyimpa dua
(Take my heart and my body)
Gye w’ayeyi, M’Egya
(Take your praise my Father)
Egya, ɔba, Sunsum Kronkron bεgye w’ayeyi
(Father, Son and Holy Spirit come take Your praise)",FA M’AKOMA (GYE W’AYEYI)
"﻿Fa w’akwan hyε Yehowa nsa
(Commit your ways to the Lord)
Na fa wo ho to ne so
(And rely on Him)
Na ɔno na, ɔbεyε
(And He will perform)",FA W'AKWAN HYΕ YEHOWA NSA
"﻿GYE W’ AYEYI (YOUR PRAISE)
Fa m’akoma (Take my heart)
Ma ho ntsew mma wo 
(May it be pure unto You) 
M’eni so 
(And my eyes) 
Ma me nhunu wo
(Let me see You) 
Me nsa, m’ano, me kra
(My hand, my mouth, my soul) 
M’ahoᴐdzen, m’adwen, m’endze
(My strength, my mind, my voice) 
Ne me ndwom
(And my song) 
Gye w’ayeyi, M’ Agya 
(Be praised, Abba Father)  
Fa m’akoma
(Take my heart) 
Ne me nipa dua
(And my body) 
Gye w’ayeyi M’Agya
(Be praised Abba Father) 
Agya, Ͻba, Sunsum Krᴐnkrᴐn
(Father, Son, Holy Ghost) 
Bԑgye w’ ayeyi
(Have Your praise) 
Obiara nsԑwo 
(Nobody like You) 
Ͻte memu bibiara mu
(In all things He’s with me) 
Fame sԑ nea me te’ ara
(Accept me just as I am) 
Na mame yi wo ayԑ
(So I may praise You) 
Obiara nsԑwo
(Nobody like You) 
Ͻte memu bibiara mu
(In all things He’s with me) 
Fame sԑ nea me te’ ara
(Accept me just as I am) 
Na mame yi wo ayԑ
(So I may praise You)
Gye w’ayeyi M’Agya
(Be praised Abba Father) 
Fa m’akoma
(Take my heart) 
Ne me nipa dua
(And my body) 
Gye w’ayeyi M’Agya
(Be praised Abba Father) 
Agya, Ͻba, Sunsum Krᴐnkrᴐn
(Father, Son, Holy Ghost) 
Bԑgye w’ ayeyi
(Have Your praise) 
M’ Agya fa m’ akoma
(Father take my heart) 
Ne me nipa dua
(And my body) 
Gye w’ayeyi M’Agya
(Be praised Abba Father) 
Agya, Ͻba, Sunsum Krᴐnkrᴐn Bԑgye 
(Father, Son, Holy Ghost, receive) 
W’ayeyi
(Your praise)",GYE W'AYEYI
"﻿Hena ne me Yehowa, Wo de W’ahoɔden ama me
(Who am I, Lord, You have given me Your strength) 
Hena ne me Jesus, Wo de Wo mogya atɔ me
(Who am I Jesus, You have purchased me with Your blood)
Eyi ne ɔdɔ, ɔdɔ a εnsa
(This is a never ending love) 
Yesu Wo dɔ n’agye me
(Jesus’ love has saved me)
Jesus dɔ me kosi owu mu
(Jesus loves me till death)",HENA NE ME YEHOWA
"﻿Hwan na na nguanhwefo 
(Who is He in yonder stall)
Koto no mmoadan mu ho 
(At whose feet the shepherds fall?)
Chorus
Ewuradze a, O anwanwasem 
(‘Tis the Lord! O wondrous story)
Ewuradze a, Enyinyam Hen no 
(‘Tis the Lord the King of Glory)
Ontwa nhwe ne nan ase
(At His feet we humbly fall)
Na wohye n’aboso Hen 
(Crown Him, crown Him Lord of all)
Verse 2
Hwan na na orebo mpae 
(Lo, at midnight, who is He)
Wo esum ho Gathsemani 
(Prays in dark Gethsemane?)
Hwan na na  w’afi awofum 
(Who is He that from the grave)
Reboa yen regye yen kwa 
(Comes to heal and help and save)",HWAN NA NA
"﻿Hyε den na mennsuro, Hyε den wɔ Jesus mu
(Be encouraged and don’t be afraid, Be encouraged in Jesus)
Sore na mennsuro, Sore wo Jesus mu
(Arise and be not afraid, Arise in Jesus)
Wo Nyame a, wo som no daa daa
(Your God whom you continually serve)
Ɔno na Ɔbεgye wo
(He will save you)



","HYΕ DEN NA MENNSURO, HYΕ DEN WƆ JESUS MU"
"﻿VERSE 1
Jesus wo yε Jesus
(Jesus You are Jesus)
Abɔde nyinaa Wura Jesus
(Jesus the Savior of all creation)
Tεkyerεma nyina bεka sε Wo yε Owura
(Every tongue will declare Your lordship)
Metsi pegyafo Jesus, mpaebɔtiefo Jesus
(The lifter up of my head, prayer answering Jesus)
Mefiri m’akoma mu meka sε Wo yε Owura
(I declare Your lordship from my heart)
REFRAIN
εyε Wo na W’atɔ me aboɔden
(You purchased me at a price)
W’etua me ka nyinaa ama me
(You have paid all my debts)
Wo nkotoo na Wo sε ayeyi
(You alone deserve the praise)
Mede me ho nyinaa ma Wo
(I give my whole being to You)
CHORUS
Agya Onyame W’adom no dɔɔso
(Lord, Your grace is abundant)
W’adom no nti menso ma sε bi
(Your grace has made me worthy)
Agya Onyame Wo sombo mame
(Lord, You are precious to me)
Mefiri  m’akoma mu me hyε W‘enuonyam
(I give You glory from my heart)
VERSE 2
Odom Barima Jesus, obotantim Nyankopɔn
(Jesus the Solid Rock)
Wona w’eyi me efiri akaka benfoɔ nsa mu
(You have delivered me from the hands of the evil one)
ɔdɔfɔ bεn na ɔtesε Wo
(Who can love me like You)
ɔgyefo bεn na ɔtesε Wo
(What Savior is like You)
Sε m’ennya Wo nka me yε dεn
(Without You what would I do)
Odomfo Nyankopɔn
(My Lord)",JESUS WO YΕ JESUS (AGYA ONYAME)
"﻿Kakyerε Yesu sε
(Tell Jesus)
W’ahendze fata Wo 
(You deserve Your kingship)
N’ahendze fata No 
(He deserves His kingship)
W’ahendze firi soro
(Your kingship is divine)
N’ahendze firi soro
(His kingship is divine)
W’ahendze fata Wo 
(You deserve Your kingship)
N’ahendze fata No 
(He deserves His kingship)",KAKYERΕ YESU SΕ
"﻿Kotodwe nyina beyi Nyame N’ayε 
(Every knee will praise God)
Tԑkyerԑma so bԑda Nyame n’ase
(Every tongue will thank God)
M’eyi N’ayε, M’eyi me Nyame N’ayε 
(I will praise Him, I will praise my God)
Mԑda n’ase, mԑda me Nyame n’ase
(I will thank Him, I will thank my God)
Na y’aka sԑ Onyame kokroko
(We will declare You are the Great God)",KOTODWE NYINA
"﻿Nyankopɔn wɔ yεn mu, moma yεn koto No
(God is among us, let us kneel before Him)
Na yεnfa suro nsom No
(Let worship Him in reverence)
Ɔwɔ yεn dεm ha, monnyε kom wɔ mumu
(He is in this place, be quiet in yourselves)
Na monyi mo yamu nsom No 
(And praise Him from within you)
Kristofo, gyidifo mo nsom No nokware mu
(Christians, Believers, worship Him in truth)
Monyi N’ayε yie
(Praise Him appropriately)",KRISTOFO GYIDIFOM MO NSOM NO (NYANKOPON WO YEN MU)
"﻿Krɔnkrɔn ne Yehowa 
(Holy is Jehovah)
Bεgye w’ayeyi 
(Come and take Your Praise)
W’abɔde nyinaa ka sε Wo sε ayeyi 
(All creation says that You are worthy to be praised)",KRƆNKRƆN NE YEHOWA
"﻿Ɔɔε
; Kunim wɔ mogya ni mu
(Victory, victory, victory; Victory is in the blood)
Yedi ɔtamfo ne so, wɔ mogya ni mu
(We triumph over the enemy in the blood)",KUNIM KUNIM KUNIM
"﻿Kunimdi wɔ hɔ ma wɔn a wɔ twεn Jesus
(There is victory for those who wait on the Lord)
Na ne mogya ayε wɔn akokyεm
(And His blood is a seal for them)
Na n’asεm no yε, agyapade kεse ma wɔn
(And His Word is a great inheritance for them)
Na n’adom so eburuso ama wonyinaa
(And His grace abounds to them)
Momma yento, ayeyi ndwom ma No
(Let us sing songs of praises to Him)
Na hendze, enyuonyam sε No
(His kingship is worthy of glory)
Yεbεto, Yεbεto
(We will sing)
Halleluyah ndwom na yεbεto
(We will sing songs of praise)",KUNIMDI WO HO MA WON A
"﻿Kyerεw w’asεm no, wɔ m’akoma mu
(Write Your word upon my heart)
Kyerεw, Kyerεw, fa wo mogya kyerεw
(Write, write, write with Your blood)
Na ma mewerεnfi
(That I may never forget)","KYERΕW, KYERΕW, FA WO MOGYA KYERΕW"
"﻿M’akoma ahyε ma, ahyε ma, eburu do
 (My heart is glad and overjoyed)
M’akɔtɔ ɔbonsam asɔkyer’ mu
(I have fallen into the devil’s trap)
Afei me hunu Jesus Otum Ɔgye me nkwa
(And now I  have seen the saving power of Jesus)
M’akoma ahyε ma, ahyε ma, eburu do 
(My heart is glad and overjoyed)",M'AKOMA AHYΕ MA
"﻿Ma W’adom no mbra yεn so
(Let Your grace come upon us)
Yεserε Wo, Ewurade
(We ask this of You, Lord)",MA W'ADOM NO BRA YEN SO
"﻿VERSE 1
Mehia Wo mber nyinaa, Domfo Ewurade
(I need thee every hour, Most gracious Lord)
Biribi nntse dε Wo ndze a, ɔma asomdwee
(No tender voice like Thine, can peace afford)
CHORUS
Mehia Wo Ao, Mehia Wo
(I need Thee O, I need  Thee)
Mber nyinaa mehia Wo
(Every hour I need thee)
M’Agyenkwa maba Wo hɔ, hyira me seesei
(O bless me now my Savior, I come to thee)
VERSE 2
Mehia Wo mber nyinaa, ɔdεw mu, ɔyaw mu
(I need thee every hour, in joy in pain)
Nyame bra ntsεm, n’εnye me ntsena
(Come quickly and abide) 
Mma ɔbra nnyε gyan
(Or life is vain)
CHORUS
Mehia Wo Ao, Mehia Wo
(I need Thee O, I need  Thee)
Mber nyinaa mehia Wo
(Every hour I need thee)
M’Agyenkwa maba Wo hɔ, hyira me seesei
(O bless me now my Savior, I come to thee)",ME HIA WO O ME HIA WO(I NEED THEE EVERY HOUR TWI)
"﻿Me kra yi N’ayε
(My soul praise the Lord)
Me kra da N’ase
(My soul give thanks to the Lord)
Me kra tuntum No
(My soul glorify the Lord)
Me kra pegya No
(My soul laud the Lord)
Me kra sɔre No
(My soul lift the Lord)",ME KRA YI N'AYΕ
"﻿Me Nyame kae me ndε
(Lord remember me today)
Kae me ma ensi me yie
(Remember me and let it be well with me)
 Menni Ɔgyefo bi tse sε Wo
(I have no Savior like You)
Mekoto meserε Wo
(I bow before You with my plea)",ME NYAME KAE ME NDΕ
"﻿Me se dεn me kamfo Wo
(How shall I thank You)
Me Nyame, me se dεn me kamfo Wo
(My God, how shall I thank You)
M’Agyenkwa, me se dεn me kamfo Wo
(My Savior, how shall I thank You)
Nyame ayebi ama me o
(The Lord has done so much for me)
Me se dεn me kamfo Wo
(How shall I thank You)
Mebɔ Wo din akyerε aman
(I will praise Your name to the nations)
Mebɔ Wo din akyerε aman
(I will praise Your name to the nations)
M’Agyenkwa, mebɔ Wo din akyerε aman
(My Savior, I will praise Your name to the nations)
Nyame ayebi ama me o
(The Lord has done so much for me)
Mebɔ Wo din akyerε aman
(I will praise Your name to the nations)
Nyame ayebi ama me o
(The Lord has done so much for me)
Mebɔ Wo din akyerε aman
(I will praise Your name to the nations)",ME SE DEN ME KAMFO WO
"﻿Me wɔ Ɔbarima bi a, Ne din de Jesus
(I have a Man, His Name is Jesus)
Ɔsombo ma me
(He’s so dear to me)
Me bɔ Ne din daa daa
(I will always make mention of Him)
Ama amansan nyinaa ehunu sε
(For the whole world to know that)","ME WƆ BARIMA BI A, NE DIN DE JESUS"
"﻿Me wɔ Ɔbarima bi a, Ne din de Jesus
(I have a Man, His Name is Jesus)
Ɔsombo ma me
(He’s so dear to me)
Me bɔ Ne din daa daa
(I will always make mention of Him)
Ama amansan nyinaa ehunu sε
(For the whole world to know that)","ME WƆ BARIMA BI A, NE DIN DE JESUS"
"﻿Meda W’ase me Nyankopɔn
(I thank You my God)
Me da W’ase, me Yehowa
(I thank You my Lord)
Sε W’eyi me efiri owu amona mu
(For delivering me from the pit of death)
Meda W’ase me Nyankopɔn
(I thank You my God)",MEDA W'ASE ME NYANKOPƆN
"﻿Ɔdɔ kεse bi a Oyi wɔ Calvary, Calvary ma me
(A great love He showed on Calvary)
Ɔdɔ kεse bi a Oyi wɔ Calvary 
 (A great love He showed on Calvary)
Na Odii m’asεm nyinaa
 (And He pleaded my cause)
Okum Nyame Eguamba, detsew me kra ho fi
(They slay the Lamb of God to take away the soul’s sin) 
Meda W’ase wɔ ɔdɔ kεse a Wo yii wɔ Calvary
(I thank You for the great love You showed at Calvary)",MEDA W'ASE WO ODO KESE A WOYII WO CALVARY
"﻿Yεda W’ase 
(We give You thanks)
Yeyi W’ayε 
(We give You praise)
Meda W’ase 
(I give You thanks)
Miyi W’ayε 
(I give You praise)
εsεsε meda W’ase 
(I ought to give You thanks)
εsεsε miyi W’ayε 
(I ought to give You praise)
εsεsε yεda W’ase 
(We ought to give You thanks)
εsεsε yeyi W’ayε 
(We ought to give You praise)",MEDA W'ASE
"﻿Mede W’aseda ka
(I owe You thanks)
M’ase a metse, Wo nkoa ne me Gyefo
(You are my only Savior in this life I live)
Se mannda W’ase a, m’ayε otsiafo
(If I don’t give You thanks, I would be ungrateful)
Nyame ei, sε εbεyε yie a, efiri Woara
(Lord, my wellbeing depends on You)
Nyame ei, sε metumpon a efiri Woara
(Lord, my success depends on You)
Nyame ei, sε εbεyε yie a, efiri Woara
(Lord, my wellbeing depends on You)
Sε mannda W’ase a, m’ayε otsiafo
(If I don’t give You thanks, I would be ungrateful)",MEDE W'ASEDA KA
"﻿Mede w’ayeyi rebrε Wo
(I bring Your praise to You)
M’Agyenkwa pa
(My Savior)
W’annhwε m’emfomsoɔ εne me enndi
(You did not deal with me like my sins deserve)
W’ama adepa akye me biom
(You let me  see the dawn of a new day)
Mede w’ayeyi rebrε Wo
(I bring Your praise to You)
M’Agyenkwa pa
(My Savior)
Enuonyam
(Glory)
Enuonyam nka Oguamba wokum No
(Glory to the Lamb of God that was slain)
Ma me mu ade nyinara, hyε Wo εnuonyam
(Let all that is within me, give glory to You)
εnuonyam
(Glory)
Enuonyam nka Oguamba wokum No
(Glory to the Lamb of God that was slain)",MEDE W'AYEYI REBRΕ WO (ANYONYAM)
"﻿Mefiri m’akoma mu na me tontom Wo
(I worship You from deep within my heart)
Miyi W’ayε a, na εsε Wo
(You deserve my praise)
Mεma Wo so, Ewuradze
(I will exalt You Lord)
Efiri sε, W’agye me firi m’atamfo nsamu
(Because You have saved me from the hands of my enemies)
Mesu mefrε Wo na Wo tie me, sa me yarewa nyinaa
(I cried to You and You heard me and healed all my diseases)
Miyi W’ayε a, na εsε Wo
(You deserve my praise)",MEFIRI M'AKOMA MU
"﻿Mema m’eni so akyerε mbepɔ
(I will lift up mine eyes to the hills)
Ehenfa na me mboa firi bεba
(From where comes my help)
Me mboa firi Asafo Yehowa 
(My help comes from the Lord of Hosts)
Ɔsoro ne asaase yεfo
(The Creator of heaven and earth)
CHORUS
Ɔrennto nko
(He never slumbers)
Nyame ɔrennto nko
(God never slumbers)
Na ɔnnda da biara da
(And He never sleeps)
Mεka m’asεm akyerε Nyame
(I will tell my problems to God)
Mεka, mεka m’asεm akyerε Nyame, mεka O
(I will tell my problems to God)
Ɔbε tsie na ɔbεyε ama me
(He will listen and solve them for me) 
BRIDGE
Biribiara nni hɔ a Nyame nntumi nnyε
(There is nothing the Lord can’t do)
Ewurade otumi ade nyinaa yε
(God can do all things)
Mεka m’asεm akyerε Nyame
(I will tell my problems to God)
Ɔbε tsie na ɔbεyε ama me
(He will listen and solve them for me) 
CHORUS
Ɔrennto nko
(He never slumbers)
Nyame ɔrennto nko
(God never slumbers)
Na ɔnnda da biara da
(And He never sleeps)
Mεka m’asεm akyerε Nyame
(I will tell my problems to God)
Ɔbε tsie na ɔbεyε ama me
(He will listen and solve them for me) ",MEMA MENI SO AKYERE MBEPO
"﻿Menntumi mennda W’ase
(I cannot thank You enough)
Wɔ ade W’ayε ama me
(For all You have done for me)
Menntumi mennda W’ase
(I cannot thank You enough)
Esεsε meda W’ase
(I ought to give You thanks)
Wɔ ade W’ayε ama me
(For all You have done for me)
Esεsε meda W’ase
(I ought to give You thanks)",MENNTUMI MEDA W'ASE (ESESE MEDA W'ASE)
"﻿Ɔɔε
Menntumi nnka ade a Yesu ayε ama me
(I cannot say all what Jesus what God has done for me)
Ewurade Wo sε ayeyi
(God you are worthy of praise)
Menntumi nnka, Ɔsε ayeyi oo
(I cannot say it enough, He is worthy of praise)
Menntumi nnka Ɔsε ndaase oo
(I cannot say it enough, He is worthy of thanksgiving)","MENNTUMI NNKA ADE A YESU AYE AMA ME, EWURADE WO SE AYEYI"
"﻿Metse ase a, metse ma Wo
(If I live, I live for You)
Se mewu nso a, mewu ma Wo
(Should I die, I die for You)
Akwan nyinaa mu, meyε Wo de
(In all my ways, I’m ever Yours)
Metse ase a, metse ma Wo
(If I live, I live for You)","METSE ASE A, METSE MA WO"
"﻿Meyi me Nyame ayε, mε kamfo No daa
(I will praise my God, I will adore Him forever)
N’ehumɔbrɔ tim hɔ daa
(His mercy endures forever)
Meyi me Nyame ayε
(I will praise my God)",MEYI ME NYAME AYΕ
"﻿Meyi N’ayε a mεbɔ Ne din
(I will praise You and call out Your Name)
Nyame ayε bi ama me
(The Lord has done so much for me)
Meyi N’ayε a mεbɔ Ne din
(I will praise Him and call out His Name)
Nyame ayε bi ama me
(The Lord has done so much for me)
Meyi N’ayε a
(I will praise Him)
Mεbɔ Ne din
(I will call out His Name)",MEYI N'AYE A MEBO NE DIN
"﻿Meyi N’aye, Mey’ me Nyame ayε
(I will praise Him, I will praise my God)
Me da N’ase, Meda me Nyame ase
(I will thank Him, I will thank My God)
Meyi me Nyame ayε
(I will praise my God)
Halleluyah
Meda me Nyame ase
(I will thank my God)
Halleluyah","MEYI N'AYE, M'EYI ME NYAME AYE"
"﻿Meyi Yesu ayε, Wɔ ɔdɔ a ɔde adɔ me
(I praise Jesus, for the love He has  loved me with)
W’ama adepa akye me, Meyi N’ayε daa
(He let me see the dawn of a new day, I praise Him always)",MEYI YESU AYE
"﻿Mi jie Oyi, Nuntsᴐ, mi jie Oyi 
(I praise You lord, I praise You)
Moko bɛ ni tamᴐ Bo 
(There is no one like You)
Yɛ nileeŋ, yɛ sumᴐ, yɛ fɛo, kɛ hewalɛ 
(In Wisdom, in love, in beauty and strength)
Nuntsᴐ, moko bɛ ni tamᴐ Bo 
(Lord, there is no one like You)
Mikɛ mitsui baa kanfo Bo 
(With my heart I will praise You)
Mikɛ migbee baa jie Oyi 
(With my voice I will praise Thee)
Mikɛ mijwɛmo kɛ lala 
(With my mind and song)
Baa jie Oyi daa kɛ daa
(I will worship You everyday)
Halleluyah
Moko bɛ ni tamɔ Bo  
(There is no one like You) 
Verse
Na Nyomɔ tsɛ ofee, nyam mantsɛ
 (Mighty God, Father of all, Glorious King)
Onine naa nitsumɔi mi jie Oyi
(Your handiworks praise You)
Omɔbɔnaa lɛ yɛ daa, Onitsumɔi bɛ naagbe
(Your mercy is forever, Your works have no end) 
Nuntsɔ moko bɛ ni tamɔ Bo oh
(Father there is no one like You)
Lɛɛlɛ, moko bɛ ni tamɔ Bo
(Truly, there is no one like You)
Bridge
Mikɛ mitsui ba kanfo Bo
(With my heart I will exalt You)
Mikɛ migbee baa jie Oyi
(With my voice I will praise You)
Mikɛ mijwɛmo kɛ lala
(With my mind and song)
Baa jie Oyi, daa kɛ daa
(I will worship you everyday) 
Halleluyah",MI JIE OYI(MOKO BE)
"﻿Misidεn me kamfo Wo, Me Nyame misidεn me kamfo Wo
(How can I praise You, My God, how can I praise You)  
Onyame W’aye bi ama me ‘o, misidԑn me kamfo Wo
(God, You have done a lot for me, how can i praise You) 
Mεbɔ wo din akyerԑ aman
(I will mention your Name to the nations)
Me Nyame, Mεbɔ wo din akyerε aman
(My God I will mention Your name to the nations)
Onyame W’aye bi ama me ‘o
(God, You have done a lot for me)
Mεbɔ wo din akyerε aman
(I will mention your Name to the nations)",MISIDEN ME KANFO WO
"﻿Ɔɔε
Mo mo mo mo , ade a W’ayε ama me
Menntumi nnka ade a W’ayε ama me



",MO MO MO ADEA W'AYE AMA ME
"﻿Mo nda Nyame ase daa
(Praise the Lord always)
Wɔ wiase aman nyinaa
(In every part of the world)
Ɔsoma Ne Ba kor no, beyi yεn awerεhow
(He sent His only Son to take away our sorrows)",MO NDA NYAME ASE DA
"﻿Yesu Ne mmogya no ama m’anya nkwa 
(The blood of Jesus has given me salvation)
Ne pira kuro no mu na m’anya ayaresa 
(By His stripes, I have been healed)
Ne mogya ne mu na m’anya me nkwagye 
(Through His blood I am saved)
Yesu wuo no agye me nkwa; Enti mema No amo 
(The death of Jesus has saved me; Therefore, I will praise Him)
Yesu mo; Mo, mo, mo; Mo, mo, mo
(Jesus; You have done well)
Yesu Kristo mo; Mede mema No amo
(Jesus Christ; I will say well done to Him)","MO, MO, MO (YESU NE MOGYA NO)"
"﻿Mogya nti na me wɔ nkwa
(Because of the blood, I have life)
Yesu Mogya nti na me wɔ nkwa
(Because of the blood of Jesus, I have life)
Mogya nti, Mogya nti na me wɔ nkwa
(Because of the blood, I have life)
","MOGYA NTSI, NA ME WƆ NKWA"
"﻿Moma yεma Yesu mo, 
(Give thanks to God)
Na W’aye ade kese ama yen
(For He has done great things for us)
Mo Yesu mo
(Thank You Lord)
Moma yεma Yesu mo, 
(Give thanks to God)
Na W’ayε ade kεse ama yεn
(For  He has done great things for us)",MOMMA YEMA YESU MO
"Onni bi Adamfo pa, ayarefo wɔn Hwεfo;
(Friend of the poor, caregiver of the sick)
Abɔde me Boafo pa, na ɔdɔ me yi
(My helper who loves me)
Gyedi mu Boafo pa, nhyira nka Wo
(Helper of my faith, I bless You)
Jesus yε mede, Woyε m’Adamfo nwanwa ampa
(Jesus is mine, You’re my truly wonderful friend)
Enti, monhyε No εnuonyam
(So glorify Him)
Enuonyam Hene monhyε No εnuonyam
(Our glorious King, glorify Him)
Wo sε ayeyi
(You are worthy of praise)
Monhyε No εnuonyam daa
(Glorify Him forever)",MONHYΕ NO ΕNUONYAM
"Monhyε Yesu εnuonyam
(Glorify Jesus)
Monhyε no εnuonyam, Monhyε no εnuonyam
(Glorify Him, Glorify Him)
Enuonyam hyε berε edu
(This is the time to give glory)",MONHYΕ YESU ΕNUONYAM
"﻿Monyi Nyame Ne din ayε
(Let all praise the Name of the Lord)
Monfa ndaase ndwom ma No
(Let all give Him songs of thanksgiving)
N’ehumɔbrɔ tim hɔ daa
(For His mercies shall endure)
Osi pi yε nokware daa
(Ever faithful, ever sure)",MONYI NYAME NE DIN AYE
"﻿Monyi Yesu Kristo N’ayε
(Praise Jesus Christ)
Monhyira Ne din krɔnkrɔn No
(Bless His Holy Name) 
W’edi owu ne asaman so
(You have truimphed over death and the grave)
W’ahendi to renntwa daa
(Your kingdom has no end)
N’ahendi to renntwa daa
(Your kingdom has no end)",MONYI YESU KRISTO N'AYΕ
"﻿Lord You’re my friend and I love You
You are all that I need
Saving my soul with Your mercy
You pour love over me
 (You are amazing) 
 Jesu (You are amazing Jesus)
Trials may come and dissuade me
Drawing me from Your side
But Your loving arms never fail me
When I run back to You
Uya mangalisa (You are amazing)
Uya mangalisa Jesu (You are amazing Jesus)
So amazing Lord
So amazing Lord to me",MUNOSHAMISA
"﻿Me de m’akoma nyinaa bε dɔ Wo
(I will love You with all my heart)
Wo na wo yε me kwankyerεfo
(You are the One who directs my path)
Chorus
Mε dɔ Wo, na ma som Wo yie
(I’ll love You and I’ll worship You)
Me de m’akoma nyinaa bε dɔ wo
(I will love You with all my heart)
Wo na wo yε me kwankyerefo
(You are the One who directs my path)",MΕ DO WO
"﻿N’ahendzi firi soro
(His kingdom is divine)
N’ahendzi fata No
(He is worthy of His kingship)
Yesu yε Ɔhen
(Jesus is King)
Ɔyε ahene mu Hene ampa
(He is indeed the King of Kings)",N'AHENDZI FIRI SORO
"﻿Na wɔ to Onyankopɔn N’akowa Moses ndwom 
(And they sing the song of Moses, the servant of God)
Ne Oguamba Ne ndwom sε Ewurade Nyankopɔn 
(The song of the Lamb of God)
Ade nyinaa so tumfo 
(Ruler over all things)
Wo ndwuma yε kεse na εyε wanwa 
(Great and marvelous are Your works)
Meresanten Hene W’akwan tene
 (Everlasting King, Your ways are perfect)
Meresanten Hene, Wo ndwuma yε kεse
(Everlasting King, Your works are great and marvelous)
Meresanten Hene 
(Everlasting King)
W’akwan tene na εyε wanwa
(Your ways are perfect and marvelous) ",NA WO TO ONYANKOPON NE AKOWA MOSES HO NDWOM
"﻿Ne a W’ ayε ama me dɔɔ so
(What You have done for me is great)  
Ne a W’ayε ama me sombo
(What You have done for me is dear to me)
Me firi m’akoma mu ene m’ade nyinaa mu
(From the depths of my heart and from my entire being)
Meka sε meda W’ase
(I say thank You)",NE A W'AYE AMA ME DOO SO
"﻿Ne din yε kεse sen din biara
(His Name is bigger than any other name)
Ne din de Yesu, Ɔyε Ɔhene
(His Name is Jesus, He is the King)",NE DIN YE KESE SEN DIN BIARA
"﻿Ne a Wo de me abeduru yi, εyε mefε dodow
(I’m amazed at how far You have brought me)
Ne a W’ayε ama me yi, εboro me ntsease so
(I am astounded by what You have done for me)
Nti me paa me nie, na W’ayε me saa yi
(Is this what You have done with me)
Ewurade, Wo ho yε hu
(Lord You are amazing)
W’asesa me ndwom, W’asesa me hyεbrε
(You have changed my song, You have changed my destiny)
W’asesa me din, din a aserefo de sere me
(You changed my name, the name they mocked at me with)
Nti me paa me nie, na W’ayε me saa yi
(Is this what You have done with me)
Ewurade, Wo ho yε hu
(Lord You are amazing)",NEA WO DE ME ABEDURU YI
"﻿Nyame Eguamba, Wo yε kεse
(Lamb of God, You are Great)
Na Wo fata sε, Wo gye εnuonyam
(And You deserve to receive all the glory)
W’adɔyε so, nyimdee ka ho
(Your love is abundant) 
W’ahendzi to renntwa da
(Your sovereignty will never come to an end)
Wo yε Onyame, wonnsakyera da
(You are God, You never change)
Mmerεsantsen Hene
(The Eternal King)
Wotim hɔ daa
(You are eternal)
W’ahendzi to renntwa da
(Your sovereignty will never come to an end)
Wode Wo nkwa to hɔ ma yεn
(You laid Your life down for us)
Na Wo behwie  Wo mogya kronkron gui
(And You shed Your precious blood)
W’ama yεn tumi ne ahoɔden
(You have given us power and strength)
Sε yεnfa nsei ɔbonsam ndwuma
(To destroy the works of the devil)
Yesu mu, na yenya ayaresa, εnε faahodi
(In Jesus we have healing and liberty)
Na W’ahendzi to renntwa da
(And Your sovereignty will never end)",NYAME EGUAMBA (W'AHENDZE TO RENNTWA DA)
"﻿Nyame kokroko Wo so
(Almighty God, You are great) 
Wo nokwaredi so ampara
(Your faithfulness is great indeed)
Yebeyi W’ayε daa, yεbε kamfo Wo
(We will praise and adore You forever)
Wo ne Alpha ne Omega
(You are the Alpha and Omega)
Ahyεase ne ewieyε
(The Beginning and the End)
Yεbε yi W’ayε daa, yεbε kamfo Wo
(We will praise and adore You forever)
Bεgye W’ayeyi daa, Bεgye W’aseda
(Come receive Your praise, Come receive Your thanks)",NYAME KOKROKO WO SO (YEBEYI W'AYE DAA)
"﻿Nyame kokroko wo so
Wo nokware di so ampara
Yebe yi w’aye daa
Yebe kamfo wo
Wo ne Alpha ne Omega
Ahyεase ne ewieε
Bεgye w’ayeyi daa
Bεgye w’aseda",NYAME KOKROKO WO SO
"﻿Onyame Wo sε ayeyi, Onyame Wo sε ndaase
(God, You are worthy of praise, God You are worthy of thanks)
Onyame sε ayeyi, Onyame sε ndaase
(God is worthy of praise, God is worthy of thanks)
Nyame Eguamba, yebeyi W’ayε
(Lamb of God, We will praise You)","NYAME SE AYEYI, NYAME WO SE NDAASE, NYAME EGUAMBA"
"﻿Nyame w’ayε mu yie
(Lord Your goodness)
W’ayε mu yie, wɔ hɔ daa
(Your goodness endures forever)
Yε kamfo Wo daa, Yeyi W’ayε daa
(We forever adore you, We forever praise You)
Yε to Halleluyah
(We sing Halleluyah)
Nyame W’ayε mu yie
(Lord Your goodness)
W’ayε mu yie, wɔ hɔ daa
(Your goodness endures forever)",NYAME W'AYE MU YIE WO HO DAA
"﻿Nyame yε Ɔsa Ɔhene  
(God is the Lord of Hosts)
Ye be di nkunim
(We shall be victorious)",NYAME YE OSA HENE
"﻿Ɔɔε
Nyame yεbɔsom Wo daa nyinaa
(God we will praise you all our days)
Nyame yεbɔsom Wo daa nyinaa
(God we will praise you all our days)
Osiandε Wo nan tsetse wɔ dzew dzi ako
(Because Your feet 
Wo nan tsetse wɔ dzew hyε nkɔm
(Because Your ",NYAME YEBOSOM WO DAA NYINAA
"﻿Nyame yε Ɔsahene, aman nyinaa koto No 
(God is Almighty King, The whole world bows to Him)
Me nso mε koto No, mεbɔ Ne din daa 
(I will also bow to Him, I will always call out Your name)
Nyame ei, Wo din yε me dε
(God, Your name is sweet to me)
Mεbɔ Wo din akyerε amansan
(I will call out Your name to the whole world)
Nyame yε Ɔsahene, aman nyinaa koto No 
(God is Almighty King, The whole world bows to Him)
Me nso mε koto No, mεbɔ Ne din daa 
(I will also bow to Him, I will always call out Your name)",NYAME YΕ ϽSAHEN
"﻿Nyame yε Ɔsahene 
(God is King)
Yε bε di nkunim
(We will be victorious)",NYAME YΕ ϽSAHENE (YΕ BΕ DI NKUNIM)
"﻿Nyankopɔn yε tuntum Wo
(Lord, we praise You)
Wo ne tsease daadaa Nyame
(You are the everlasting God)
Na Wonnsakyera daa nyinaa
(And You never change)
Yεkoto sɔre Wo
(We bow to You and exalt You)
Ennora, εndε ne ɔkyena
(Yesterday, today and tomorrow)
Wo tse sε ne a wotse ara
(You are the same)
Na Wonnsakyera daa nyinaa
(And You never change)
Yεkoto sɔre Wo
(We bow to You and exalt You)","NYANKOPON YE TUNTUM WO (ENNORA, ENDE, NE OKYENA)"
"﻿Nyankopɔn ye yi W’ayε
(Lord we praise You)
Yε bo mu ka sε Wo ne Ewurade
(We say You are God)
Sor ne asaase nyinaa koto Wo, Odomankoma Egya
(Heaven and earth bow to You, Almighty God)",NYANKOPON YEYI W'AYE
"﻿Ɔbεn me kyεn m’adanfo, saa na Yesu te
(Jesus is closer to me than my friend)
Ɔyε m’adanfo pa, ade nyinara mu
(He is my good friend in all things)
Ɔyε me botantim, me kyεm ne me guankɔbea
(He is my rock, my refuge and my safe haven)
Ɔbεn me kyεn m’adanfo saa na Yesu te
(He is closer than my friend, that’s who Jesus is)",OBEN ME KYEN MADANFO
"﻿Obiara nnsε No 
(There is none like Him)
Onyame yε Ɔhen O
(The Lord is King)
Obiara nnsε Wo
(There is none like You) ",OBIARA NSE WO
"﻿Ɔbɔ ade Nyame ne Wo 
(You are the God of creation)
Wo nko na, Wo sε ayeyi
(You alone are worthy of praise)
Wo nko na, Wo sε ayeyi
(You alone are worthy of praise)
Wo nko na, Wo sε ndaase
(You alone are worthy of thanks)
Ɔbɔ ade Nyame ne Wo 
(You are the God of creation)
Wo nko na, Wo sε ayeyi
(You alone are worthy of praise)",OBOADE NYAME NE WO
"﻿Odasanyi, kae ne a Onyame ayε ama wo
(Man, remember what the Lord has done for You)
Na fa ndaase ma No, na fa ayeyi ma No
(And give Him the thanks and praise)
Ase a wotse yi, εyε N’adom ara akwa
(Your living is just by His grace)
Odasanyi, kae ne a Onyame ayε ama wo
(Man, remember what the Lord has done for You)
Na fa ndaase ma No, na fa ayeyi ma No
(And give Him the thanks and praise)",ODASANYI KAE NE A ONYAME AYE AMA WO
"﻿Odasanyi, kae ne a Onyame ayε ama wo
(Man, remember what the Lord has done for You)
Na fa ndaase ma No, na fa ayeyi ma No
(And give Him the thanks and praise)
Ase a wotse yi, εyε N’adom ara akwa
(Your living is just by His grace)
Odasanyi, kae ne a Onyame ayε ama wo
(Man, remember what the Lord has done for You)
Na fa ndaase ma No, na fa ayeyi ma No
(And give Him the thanks and praise)",ODASANYI KAE NE A ONYAME AYE AMA WO
"﻿Ɔdɔ moroso na, Yesu de adɔ me
(Jesus has loved me with an everlasting love)","ODO MOROSO NA, YESU DE ADO ME"
"﻿Odo yi ye anwanwa do
(This love is a wonderful love) 
Me Nyame ne do yi ye anwanwa do; 
(This love of my God is a wonderful love)
Nhyira yi ye anwanwa nhyira; 
(This blessing of God is a wonderful blessing)",ODO YI YE ANWANWA DO
"﻿Oguamba sε ayeyi
(The Lamb of God is worthy of praise)
Oguamba sε ndaase
(The Lamb of God is worthy of thanksgiving)
Moma yεnfa ndaase ma No
(Let us give thanks to Him)
Ɔno na ɔse ayeyi
(He is worthy of praise)",OGUAMBA SE AYEYI
"﻿Oguamba a, wofata
(Lamb of God, You are worthy)
Oguamba a, ayeyi sε Wo
(Lamb of God, all praise belongs to You)
Yε koto Wo, Nyame
(We bow to You, Lord)
Halleluyah
Yε sɔre Wo, Nyame
(We exalt You, Lord) 
Yε pegya Wo, Nyame
(We lift You up, Lord) 
Yε tuntum Wo, Nyame
(We glorify You, Lord) 
Halleluyah
Ateasefo anan, Mpanyinfo eduonum nan
(The four living creatures and twenty four elders)
Wo ne abofo, Wo ne won bekase 
(They will say with the angels)","OGUAMBA, WOFATA"
"﻿Nanka me ka guanku ne ho
(Once I was of the flock)
Na me yerae wɔ sare no so
(And I got lost on the pasture)
Na Wogyae wonyinaa na wobεhwehwε me
(You left them all and came searching for me)
Oguanhwεfo pa, ɔne me Wura Jesus
(The Good Shepherd is my Lord Jesus)",OGUANHWΕFO PA ϽNE ME WURA JESUS
"﻿Se Wo gya redεw a, obi nntumi no
(No one can withstand the power of Your fire)

Ogya ei, Ogya ei, Sunsum krɔnkrɔn gya
(Fire, Fire, Holy Ghost Fire)
Nyame Gya, hyε me ma
(Fire of God, consume me)
Ogya ei, Ogya ei, Pentecost ogya
(Fire, Fire, Pentecost Fire)
Nyame Gya, hyε me ma
(Fire of God, consume me)",OGYA OGYA SUNSUM KRONKRON GYA HYΕ ME MA
"﻿Ɔhen biara nnte sε Wo, te sε Wo Yesu Kristo
(There is no king like You, like You Jesus Christ)
Nti wiase aman nyinaa ka sε
(
Wonkotoo na Wo yε Ɔhen







",OHEN BIARA NNTE SΕ WO
"﻿Ɔhen ɔreba O
(The King is coming)
Ɔsabarima ei
(Our warrior and protector)
Yesu Na ɔreba O
(Jesus is coming)
Ei Ei
Ɔbεba bεfa yεn
(He will come for us)
Ei Ei
Ɔbεba bεfa yεn na y’akodi ehurusi
(He will come and take us to celebrate with Him)
Yε ne No bε tsena daa 
(We will be with Him forever)
Ei Ei
N’ahendzi firi soro, Ei Ei
(His kingdom is divine)
N’ahendzi fata No
(He is worthy of His kingship)
N’ahendzi firi soro na N’ahendzi fata No
(His kingdom is divine and He is worthy of His kingdom)
Ɔda N’abetsir so
(His government rests upon His shoulders) ",OHEN OREBA O
"﻿Ɔhene ee, yehyira Wo oo
(King, we bless You)
Yε tontom Wo o
(We glorify You)
Asomdwee Hene ee
(Prince of Peace)
Yehyira Wo 
(We bless You)
Woan’ koraa, Woan’ koraa, Woan’ koraa
(Who, Who, Who at all)
Woan’ koraa na ɔtse sε Wo
(Who is like You)
Tumi mu
(In strength)
Woan koraa na ɔtse sε Wo
(Who is like You)
Nyansa mu
(In wisdom)
Obi ntse sε Wo
(There is none like You)",OHENE YEHYIRA WO
"﻿Ɔhene ee, yehyira Wo oo
(King, we bless You)
Yε tontom Wo o
(We glorify You)
Asomdwee Hene ee
(Prince of Peace)
Yehyira Wo 
(We bless You)
Woan’ koraa, Woan’ koraa, Woan’ koraa
(Who, Who, Who at all)
Woan’ koraa na ɔtse sε Wo
(Who is like You)
Tumi mu
(In strength)
Woan koraa na ɔtse sε Wo
(Who is like You)
Nyansa mu
(In wisdom)
Obi ntse sε Wo
(There is none like You)",OHENE YEHYIRA WO
"﻿Okokroko, yeyi W’ayε
(Almighty we praise You)
Okokroko, yε ma Wo so
(Almighty, we lift You up)
Wo ndwuma nyinaa da W’ase 
(All Your handiwork thank You)
Wo ndwuma nyinaa yi W’ayε
(All Your handiwork praise You)
Wo ndwuma nyinaa kamfo Wo
(All Your handiwork adore You)
Ewurade Wo fata, Wo fata ayeyi
(Lord You are worthy, worthy of praise)",OKOKROKO YEYI W'AYE
"﻿Onim de a oye ma me
(He knows what is best for me)
Ɔdomfo Nyame onim de a oye
(The Savior God knows what is best for me)
Onim de a oye ma me
(He knows what is best for me)",ONIM DE A OYE MA ME
"﻿Ɔɔε
Onipa bεn po ne Wo
(What manner of Man are You?)
Mframa mpo tie Wo
(Even the winds obey You)
Asɔkyere so, tie Wo ne a, wo yi W’ayε daa daa
(The storms hear Your voice and worship You)







",ONIPA BEN PO NI WO
"﻿Onokwarefo Agya ei, megye W’asεm di o
(Faithful God, I believe Your Word)
Sε W’efiri edwuma pa ase
(That You who have began a good work)
Wode bεko ewieε pa
(Will bring it to a good end)
Me Nyame ayε ewie 
(My God has finished it)
Aka sε εbε pie wo nipa eni so
(It is remains for its manifestation)
Nyame ayε ewie 
(God has finished it)
Aka sε εbε pie wo nipa eni so
(It remains for its manifestation)
Prεko pε na me Nyame aka
(Once the Lord has spoken)
Na ne mprenu so, na m’aso atse
(Twice have I have heard)
Gyedie mu na metu m’anamɔn
(I walk in faith)","ONOKWAFO AGYA EI, MEGYE W'ASΕM DI"
"﻿Ɔnokwarefo, Agya Onyame
(Faithful God)
Yeyi W’ayε
(We praise You)
Meyi W’ayε
(I  will praise You)
Yeyi W’ayε, yε kamfo Wo daa
(We praise You, We glorify You forever)
Meyi W’ayε, mε kamfo Wo daa 
(I  will praise You, I glorify You forever)
Woyε Onokwarefo, Agya Onyame
(You are the Faithful God)
Yeyi W’ayε
(We praise You)
Meyi W’ayε
(I will praise You)",ONOKWAREFO AGYA ONYAME YEYI W'AYΕ
"﻿, yeyi W’ayε daa
(Son of God, we praise You forever)
Nea Wo yε ma yεn daa nyina nti
(For the things You do always for us)
Nea Wo yε ma me daa nyina nti
(For the things You do always for me)
Bεgye W’ayeyi 
(Come receive Your praise)
Onyame boafo ei
(Lord our Helper)
Yeyi W’ayε daa
(We will forever praise You)
Meyi W’ayε daa
(I will forever praise You)
Ne a Wo yε ma yεn daa nyina nti
(For the things You do always for us)
Ne a Wo yε ma me daa nyina nti
(For the things You do always for me)
Yeyi W’ayε daa
(We will forever praise You)
Meyi W’ayε daa
(I will forever praise You)


",ONYAME BA
"﻿Onyame bεn na ɔtse sε oyi
(Which God is like this our God)
Abofo mpempem koto No
(Hosts of angels bow to Him)
Ɔsoro ne asaase sɔre No
(Heaven and earth exalt Him)
Onyame bεn na ɔtse sε oyi
(Which God is like this our God)
Nyame bεn na ɔtse sε oyi
(Which God is like this our God)",ONYAME BEN NA OTSE SE OYI
"﻿Onyame kεse, yε kamfo Wo
(Great God, we praise You)
Ye hyira Wo na yε tontom Wo
(We bless You and we glorify You) 
Efiri sε, Wo ne tsetse, tsetse Nyankopɔn
(Because You are the ancient of days)
Wo ne Asafo Yehowa
(You are the Lord of Hosts)
Onyame kεse, yε kamfo Wo
(Great God, we praise You)
Ye hyira Wo na yε tontom Wo
(We bless You and we glorify You) 
Abɔde nyinara beyi W’ayε
(All creation will praise You)
Oyε Onyame Odimafo
(He’s the Advocate)
Oyε Onyame Ɔkamafo
(He’s the Mediator)
Oyε Onyame Ɔkwankyerεfo pa
(He’s the good director of our paths)
Abɔde nyinara beyi W’ayε
(All creation will praise You)","ONYAME KΕSE, YΕ KAMFO WO"
"﻿Onyame kεse, yε kamfo Wo
(Great God, we praise You)
Ye hyira Wo na yε tontom Wo
(We bless You and we glorify You) 
Efiri sε, Wo ne tsetse, tsetse Nyankopɔn
(Because You are the ancient of days)
Wo ne Asafo Yehowa
(You are the Lord of Hosts)
Onyame kεse, yε kamfo Wo
(Great God, we praise You)
Ye hyira Wo na yε tontom Wo
(We bless You and we glorify You) 
Abɔde nyinara beyi W’ayε
(All creation will praise You)
Oyε Onyame Odimafo
(He’s the Advocate)
Oyε Onyame Ɔkamafo
(He’s the Mediator)
Oyε Onyame Ɔkwankyerεfo pa
(He’s the good director of our paths)
Abɔde nyinara beyi W’ayε
(All creation will praise You)","ONYAME KΕSE, YΕ KAMFO WO"
"﻿Onyame ye; Nyame kεse 
(God is good; great God)
Se wo twere No a, w’enim renngu ase da
(When you lean on Him, you will not be disgraced)
Hallelujah Onyame ye; Nyame kεse 
(Hallelujah God is good; Great God)","ONYAME YE, NYAME KESE"
"﻿Onyankopon na mεto nnwom mεma No
(It is to God that I sing praises)
Otumfo-o ne No ne m’Awurade
(He is the Almighty One; and He is my Lord)
Me kamfo No ne Ne nwuma
(I exalt Him for His handiwork)
Verse 2
Nea Wope na Woye ma egyina
(What He purposes  to do is what is established)
Oboade na Wohwe ne nyinaa so
(He’s the Creator who supervises all things)
Woyi N’ani a na..ase-e
(When He turns His eyes away, that thing becomes non-existent)",Onyankopon Na Me To   Nnwom
"﻿Ɔsahen Kristo moma Ne din so
(The Lord , let us lift up His name)
Ɔyε Ɔhen, ɔyε Ɔhen ampa
(He is King, He is King indeed)
Na hendzi da n’abetsir so
(His government shall be upon His shoulders)
Wɔ bεfrε no sε ɔwanwa
(He shall be called Wonderful)
Daa Agya, Futufo, Asomdwehene
(Everlasting King, Counsellor, Prince of Peace)
Ɔyε Ɔhen, ɔyε Ɔhen ampa
(He is King, He is King indeed)",OSAHEN KRISTO MOMA NE DIN SO
"﻿Otse N’ahengua krɔnkrɔn ne so
(He is seated on His holy throne)
Hena na ɔne Yehowa sε
(Who can compare to the Lord)
Sor abɔfo to ndwom sε krɔnkrɔn
(The angels cry Holy)
Krɔnkrɔn, Krɔnkrɔn ne Ewurade
(Holy, Holy is the Lord)",OTSE N'AHENGUA KRONKRON NE SO
"﻿Ɔtene Ne nsa Ne brε mu
(He stretches out His Hand in His time)
Na tumi nyinaa berε ase
(And all powers surrender)
Na Ne din Emmanuel kyerε yεn sε
(And His Name Emmanuel assures us that)
Nyame ne yεn wɔ hwε yεn so
(God is present  with us watching over us)
Nyame ne yεn wɔ hɔ
(God is with us)",OTSENE NE NSA NE BRE MU (NYAME NE YEN WO HO)
"﻿Ɔyε me yonko nokwafo ma me, ma me
(He is a faithful friend, to me)
Ote saa de kɔ ewieε, Ɔnsakra daa
(He is the same till the end, He never changes)
Sε ɔbra asokyire rebɔ a, Ɔyε mekra werεkyekyefo
(When life’s storms rise, He is the comforter of my soul)
Ɔyε me yonko nokwafo ma me, ma me
(He is a faithful friend, to me)",OYE ME YONKO NOKWAFO
"﻿Oye, Nana Nyame oye o
(He is good, The Lord is good)
Oye, Nana Nyame oye o
(He is good, The Lord is good)",OYE NANA NYAME OYE O
"﻿Ɔɔε
Ɔyε Odimafo, Ɔno na Ɔbedi ama yεn; 
(He is the Advocate, He will intercede for us)
Ɔyε Ɔkamafo, Ɔno na Ɔbεka ama yεn
(He is the Mediator, He will speak for us)
Yesu ka me ho, na W’ahyε me bɔ,
(While Jesus is with me; while He has given me His promises)
Yesu ka yεn ho, na W’ahyε yεn bɔ,
(While Jesus is with us; while He has given us His promises)
Yesu wɔ y’afa yi, na W’ahyε yεn bɔ,
(While Jesus is on our side; while He has given us His promises)
Yesu wɔ m’afa yi, na W’ahyε me bɔ,
(While Jesus is on my side; while He has given me His promises)
Obedi ne bɔhyε so
 (He will surely fulfill His promise)",OYE ODIMAFO ONO NA OBEDI AMA YEN
"﻿Ɔyε Odimafo ma me
(He is the Advocate to me)
Ɔyε Ɔkamafo ma me
(He is the Mediator to me)
Jesus, Jesus
Ɔyε Odimafo ma me
(He is the Advocate to me)
Ɔyε Ɔkamafo ma me
(He is the Mediator to me)",OYΕ ODIMAFO MA ME
"﻿ϽREKYEKYԑ 
[HE’S SHARING]
Ͻrekyekyԑo, Ͻrekyekyԑo
[He’s sharing …]
Ͻrekyekyԑ N’adom nhyira nsu no
[He’s sharing the showers of His grace and blessings] 
Ͻrekyekyԑo, Ͻrekyekyԑo
[He’s sharing …]
Ͻrekyekyԑ N’adom nhyira nsu no
[He’s sharing the showers of His grace and blessings] 
Ͻrekyekyԑ N’adom nhyira nsu no ᴐma nkwa 
[In sharing His grace and blessings He give life]
Ͻrekyekyԑ N’adom nhyira nsu no ᴐma ahotᴐ [In sharing His grace and blessings He gives comfort]
Ao M’Egyae ma bi nsosᴐ mo do
[Oh my God let some drop on me]
M’Agyenkwa paԑ ma bi nsosᴐ mo do
[My good Saviour let some drop on me]
Ͻrekyekyԑ N’adom nhyira nsu no ᴐma nkwa 
[In sharing His grace and blessings He gives life]
Ͻrekyekyԑ N’adom nhyira nsu no ᴐma ahotᴐ [In sharing His grace and blessings He gives comfort]
Ao M’Egyae ma bi nsosᴐ mo do
[Oh my God let some drop on me]
M’Agyenkwa paԑ ma bi nsosᴐ mo do
[My good Saviour let some drop on me]
Ͻrekyekyԑo, Ͻrekyekyԑo
[He’s sharing]
Ͻrekyekyԑ N’adom nhyira 
[In sharing His grace and blessings]
Ao M’Egyae ma bi nsosᴐ mo do
[Oh my God let some drop on me]
M’Agyenkwa paԑ ma bi nsosᴐ mo do
[My good Saviour let some drop on me]
Ͻrekyekyԑo, Ͻrekyekyԑo
[He’s sharing]
Ͻrekyekyԑ N’adom nhyira 
[In sharing His grace and blessings]
Ao M’Egyae ma bi nsosᴐ modo
[Oh my God let some drop on me]
M’Agyenkwa paԑ ma bi nsosᴐ mo do
[My good Saviour let some drop on me]
Ͻrekyekyԑo, Ͻrekyekyԑo
[He’s sharing]
Ͻrekyekyԑ N’dom nhyira nsu no 
[In sharing His grace and blessings]
Ͻrekyekyԑo, Ͻrekyekyԑo
[He’s sharing]
Ͻrekyekyԑ N’adom nhyira nsu no 
[In sharing His grace and blessings]
Ͻrekyekyԑ N’adom nhyira nsu no ᴐma nkwa 
[In sharing His grace and blessings He give life]
Ͻrekyekyԑ N’adom nhyira nsu no ᴐma ahotᴐ 
[In sharing His grace and blessings He gives comfort]
Ao M’Egyae ma bi nsosᴐ mo do
[Oh my God let some drop on me]
M’Agyenkwa paԑ ma bi nsosᴐ mo do
[My good Saviour let some drop on me]
Ͻrekyekyԑ N’adom nhyira nsu no ᴐma nkwa 
[In sharing His grace and blessings He give life]
Ͻrekyekyԑ N’adom nhyira nsu no ᴐma ahotᴐ 
[In sharing His grace and blessings He gives comfort]
Ao M’Egyae ma bi nsosᴐ mo do
[Oh my God let some drop on me]
M’Agyenkwa paԑ ma bi nsosᴐ mo do
[My good Saviour let some drop on me]
Ͻrekyekyԑo, Ͻrekyekyԑo
[He’s sharing]
Ͻrekyekyԑ N’adom nhyira 
[In sharing His grace and blessings]
Ao M’Egyae ma bi nsosᴐ modo
[Oh my God let some drop on me]
M’Agyenkwa paԑ ma bi nsosᴐ modo
[My good Saviour let some drop on me]
Ͻrekyekyԑo, Ͻrekyekyԑo
[He’s sharing]
Ͻrekyekyԑ N’adom nhyira 
[In sharing His grace and blessings]
Ao M’Egyae ma bi nsosᴐ mo mdo
[Oh my God let some drop on me]
M’Agyenkwa paԑ ma bi nsosᴐ mo do
[My good Saviour let some drop on me]
Ͻrekyekyԑ N’adom nhyira nsu no ᴐma nkwa 
[In sharing His grace and blessings He give life]
Ͻrekyekyԑ N’adom nhyira nsu no ᴐma ahotᴐ 
[In sharing His grace and blessings He gives comfort]
Ao M’Egyae ma bi nsosᴐ mo do
[Oh my God let some drop on me]
M’Agyenkwa paԑ ma bi nsosᴐ mo do
[My good Saviour let some drop on me]
Ͻrekyekyԑ N’adom nhyira nsu no ᴐma nkwa 
[In sharing His grace and blessings He give life]
Ͻrekyekyԑ N’adom nhyira nsu no ᴐma ahotᴐ [In sharing His grace and blessings He gives comfort]
Ao M’Egyae ma bi nsosᴐ mo do
[Oh my God let some drop on me]
M’Agyenkwa paԑ ma bi nsosᴐ mo do
[My good Saviour let some drop on me]
",ϽREKYEKYE
"﻿Sane bεgye W’ayeyi
(Come take Your praise)
Ɔsoro ne asaase Wura
(The Owner of Heaven and Earth)
W’enuonyam ahyε ɔsoro ne asaase ma
(Your glory has filled the heaven and earth)",SANE BΕGYE W'AYEYI
"﻿Sunsum Krɔnkrɔn bra
(Come Holy Spirit)
Ao bra, Ao bra bε boa yεn 
(O Come, O come help us)
Sunsum Krɔnkrɔn bra
(Come Holy Spirit)
Wo mma refrε Wo
(Your children are calling on You)
Wo mma redan Wo
(Your children look to You)
Ao bra, Ao bra 
(O Come, O come)
Halleluyah
Sunsum Krɔnkrɔn bra
(Come Holy Spirit)",SUNSUM KRONKRON BRA
"﻿Sunsum krɔnkrɔn, ye hia Wo
(Holy Spirit we need You)
Bra na bεhyε Wo mba ma
(Come and fill Your children)
Yehia Wo, Yehia Wo
(We need You, We need You)
Ye hia Wo daa nyinaa
(We need You always)
Sunsum krɔnkrɔn, ye hia Wo
(Holy Spirit we need You)
Bra na bεhyε Wo mba ma
(Come and fill Your children)",SUNSUM KRONKRON YE HIA WO
"﻿Sε biribi papa wɔ aseda ekyir a, εyε Wo dze o
(If there is something beyond praise, it belongs to You)
Enyε me na m’ayε, εyε wonkotoo na W’ayε
(It is not my doing, it is Your doing alone)",SΕ BIRIBI PAPA WƆ ASEDA EKYIR A
"﻿Wo dzi vi na mi 
(For unto us a Son is born)
Mawu nto fe tenuoye 
(It’s God’s own doing)
Yan to gbloe da nyi
(It was prophesied) 
Mawu nto ntoe woena mi 
(He has done it for us)
Dzidzo va fe hee (Edo lo) 
(Joy has come, has arrived)
 (Xo xo va fe loo)
(Salvation has come) 
Migli, migli, migli, migli 
(Rejoice, rejoice, rejoice, rejoice)
Mawu nto gbloe da nyi 
(God said it)
Mawu nto ntoe woe na mi 
(He has done it)",TENUO
"﻿Tsetse Nyame
(Ancient of Days) 
Yεbεsom Wo
(We will worship You)
Sε yegya W’ekyir a, obiara nni hɔ
(There is no one else to serve but You)","TSETSE NYAME , YEBESOM WO"
"﻿Tumi wɔ
(There is power)
Tumi wɔ Jesus Ne mogya ne mu
(There is power in the blood of Jesus)
Ayaresa wɔ
(There is healing)
Ayaresa wɔ Jesus Ne mogya ne mu
(There is healing in the blood of Jesus)
Nkwa wɔ
(There is life)
Nkwa wɔ Jesus  Ne mogya ne mu
(There is life in the blood of Jesus)

",TUMI WƆ JESUS NE MOGYA NE MU
"Tumi yε Onyankopɔn de a
(Power belongs to God)
Tumi yε Wo de daa
(Power belongs to You forever)
Asafo Yehowa
(The Lord of Hosts)
Ɔdomankoma Nyankopɔn
(The Almighty God)
Tumi yε Wo de daa
(Power belongs to You forever)",TUMI YΕ ONYANKOPƆN DE
"﻿SONG TITLE:
UYAHALA LELA  (HE IS GLORIOUS)
U ya hala , uyahalalela (He is glorious) 
Jesu wa’ makgotla (Jesus Lord of hosts)
U ya halalela 
(He is glorious)
Jesu wa’ makgotla 
(Jesus Lord of hosts)
We praise
Your name",UYAHALA LELA
"﻿W’aka no, εbεba mu
(He has said it; it will come to pass)
Ewurade w’aka no, εbεba mu
(The Lord has said it and it will come to pass)
Ewurade aka sε, Ɔbεhyira yεn
(The Lord has said He will bless us)
Ɔbεhyira yεn, ama y’ayε nhyira
(He will bless us till we become a blessing)",W'AKA NO (OBEHYIRA YEN)
"﻿Ɔɔε
W’ayemuyie kεse no nti, εsε sε me da W’ase
(I ought to thank You for Your goodness) 
W’akwan nyinaa mu
(In every way)
Mede Wo ndaase ka; na mede rebrε Wo
(I owe You thanksgiving; this is what I am bringing to You)







",W'AYEMUYIE KESE NO NTI
"﻿W’AYEMYIE DϽϽSO
[YOUR COMPASSION ENDURES FOREVER]
Yԑ da ho te nkwa mu a
(If we are still alive)
ԑyԑ W’adom ara kwa
(it is because of Your grace )
Yesu, Wo na Woyε ade nyina yie, Nyame
(Jesus, You make all things good, my God)
W’eyi me efri mmusu muo
(You have delivered me from a curse)
W’eyi me efri esian muo
(You have delivered me from danger)
W’amma m’enim enngu ase o
(You did not put me to shame)
Onyame W’ayem yie
(Oh God Your compassion endures forever)
Ne W’adɔyԑ dϽϽso
(And Your compassion endures forever)
Aseda ne ayeyi ndwom
(songs of thanksgiving and praise)
Na yԑ de bԑma Wo
(we offer unto You)
Sԑ yԑ hwԑ ade a w’ayԑ a Yesue 
(When we look at what You’ve done Jesus)
W’adom dϽϽso, ano nntumi nka 
(Your grace endures forever, Words cannot express)
W’adϽyԑ so o, W’adϽyԑ yԑ wanwao 
(How great Your love is, Your love is amazing) 
Yԑ bԑ ka ade a W’ayԑ 
(we’re going to say what You’ve done)
Ama aman nyinaa ate o
(For all the world to hear)
Yԑ bԑto alleluya
(We will sing Alleluya)
Ama Wo din daa nyina
(To Your name forevermore)
Aseda Wura W’ayemyie so
(Praise owner, Your compassion is great)
Wonkotoo na yԑ dan Wo o
(It’s You alone we tend to)
Onyame W’ayem yie
(Oh God Your compassion endures forever)
Ne W’adϽyԑ dɔɔso
(And Your compassion endures forever)",WAYEMYIE DOOSO
"﻿Yehowa ye yi w’ayε 
(God we praise You)
Wo din na yε kamfo 
(Your name do we glorify)
Wo din na yε kamfo 
(Your name do we glorify)
Halleluyah 
(Halleluyah)
Wiase mu ha, yεde ndwom-to 
(We praise Your name in songs here in this world)
Yi Wo din krɔnkrɔn ayε 
(We praise Your holy name)
Kosi sε yε bε fri ha
(Till we leave this earth)
Halleluyah 
(Halleluyah)",WIASE MU HA (YEHOWA YEYI W'AYE)
"﻿Ɔɔε
Wo da so yε Onyame, Wonnsakyera da
Wo da so yε Onyame, Wonnsakyera da
(You are still God, You never change)
Tsetse mbrε mu, Wo yε Onyame
(From ages past, You have been God)
Εndε so, Wo yε Onyame
(Even today, You are God)
Wo da so yε Onyame, Wonnsakyera da
(You are still God, You never change)","WO DA SO YΕ ONYAME, WONNSAKYERA DA"
"﻿Ɔɔε
Wo din ayε wanwa, adom ahyε Wo ma
(Your name has become wonderful, You are full of grace)
Wo din ayε wanwa, nhyira wɔ Wo mu
(Your name has become wonderful, there is blessing in You)
Wo din ayε wanwa, adom ahyε Wo ma
(Your name has become wonderful, You are full of grace)
Jesus Wo din ayε wanwa
(Jesus, Your name is wonderful)
Ne din ayε wanwa, adom ahyε Ne ma
(Your name has become wonderful, You are full of grace)
Ne din ayε wanwa, nhyira wɔ Ne mu
(Your name has become wonderful, there is blessing in You)
Ne din ayε wanwa, adom ahyε Ne ma
(Your name has become wonderful, You are full of grace)
Jesus Ne din ayε wanwa
(Jesus, Your name is wonderful)",WO DIN AYE WANWA
"﻿Wo fata, Ewurade Wo fata
(You are worthy, Lord You are worthy)
Ahene mu Hene, Ewura mu Ewura; Yε sɔre Wo
(King of Kings, Lord of Lords; We exalt You)
Ahene mu Hene
(King of Kings)
Ewura mu Ewura
(Lord of Lords)
Yε sɔre Wo
(We exalt You)","WO FATA, EWURADE WO FATA"
"﻿Wo ndwuma nyina kamfo Wo
(All Your handiworks praise You) 
Asafo Yehowa
(The Lord of Hosts)
Wo din my na yε di nkunim
(In Your Name we triumph)
Asafo Yehowa
(The Lord of Hosts)",WO NDWUMA NYINA KAMFO WO (WO DIN MU NA YE DI NKUNIM)
"﻿Wo ndwuma nyina kamfo Wo
(All Your handiworks praise You) 
Asafo Yehowa
(The Lord of Hosts)
Wo din my na yε di nkunim
(In Your Name we triumph)
Asafo Yehowa
(The Lord of Hosts)",WO NDWUMA NYINA KAMFO WO (WO DIN MU NA YE DI NKUNIM)
"﻿Wo nsa no ndwuma nyinara
(All Your handiworks)
Eyε wanwa
(Are wonderful)
Eyε wanwa
(Are wonderful)
Wo nsa no ndwuma nyinara, εyε wanwa
(All Your handiworks are wonderful)",WO NSA NO EDWUMA NYINARA EYE WANWA
wo-nsa-no-ndwuma-yε-wanwa-a-onyame-a-wotse-ase,"WO NSA NO NDWUMA YΕ WANWA A, ONYAME A WOTSE ASE"
"﻿Wo so, na Wo kron, na Wo yε kεse 
(You are big, and You are great and You are mighty)
Wo so na Wo yε kεse 
(You are great and mighty)
Hena mpo na, ɔne Wo bε sε 
(Who can be compared to You?)
Wo so na, Wo yε kεse 
(You are great and mighty)",WO SO NA WO YΕ KΕSE
"﻿Woyε Onyame a, wotse ase
(You are the Living God)
W’ahendzi yε daa ahendzi
(Your kingship is eternal)
Woyε Onyame a, wotse ase
(You are the Living God)
Wonnsakyera da
(You never change)","WO YE ONYAME, WOTSE ASE (ANSANA ONIPA BEYE)"
"﻿VERSE 1
Mpempem mu ahoɔfεfo ei, Ɔhene yε ma Wo so daa
(Beauty beyond thousand beauties, King, we exalt You)
Nimunyam mu enimunyamfo, yepegya Wo din daa
(Glory of all glories, we lift up Your name)
Tumi mu tumidifo, Ɔhene yebeyi W’ayε O
(Almighty King, we will praise You)
Daddy, ei, yεbεma Wo so o,
(Father, we will lift you up) 
Yεbεhyε Wo εnuonyam daa
(We will glorify You)
Woan’ koraa n’otse sε Wo
(Who is like unto Thee)
Obiara nni hɔ O
(There is none)
Ohene yebeyi W’aye O, yebema Wo so daa
(King, we will praise You and exalt You)
VERSE 2
Mehwehwε yε na mehunu No
(I searched and when I beheld Him)
Na Ogyina sikakanea dua so
(He stood among the golden lampstands)
Mema meni so nkohwε a, Onyame Eguamba a
(When I looked up, it was the Son of Man, Lamb of God)
Wokum No no, Judah mo busuafo mo gyata
(Slain, the Lion of the tribe of Judah)
David hini nyinaa no, nea W’edi nkunim No
(The Root of David, the One who has triumphed)
Ɔhyε ataade yuu, na ne nan te sε yawa
(He wore a robe; His feet were like bronze glowing in a furnace)
Na ne nim te sε ogyasereman
(His face was like the sun shining in all its brilliance)
Ne tsir nhwi te sε oguan ho nhwi fitaa
(His head and hair were white like wool)
Onyame bεn ni, na ne ho yε hu yε wanwa sei a
(Who is this God, so fearful and yet so wonderful?)
Ɔhene yebeyi W’ayε O, yεbεma Wo so daa
(King, we will praise You and  we will exalt You)
Woan’ koraa n’otse sε Wo
(Who is like unto Thee)
Obiara nni hɔ O
(There is none)
BRIDGE
Mehu Ewurade sε Ɔtse egua ekron so
(I have seen the Lord sitting on His Holy throne)
Na abofo dɔm etwa Ne ho ehyia
(And the host of angels surround Him)
Na wɔto Ne ho ndwom sε 
(And they sing of Him)
Krɔnkrɔn, Krɔnkrɔn, Krɔnkrɔn
(Holy, Holy, Holy)
Krɔnkrɔn ne Asafo Ewurade
(Holy is the Lord of Hosts)",WOANA KRAA NA OTSE SE WO (PEMPEM AHOFEFO)
"﻿Wɔnfa ndaase ma yεn Wura o
(Give thanks to our Lord)
Wɔnfa ntontom ma Dɔm Hene o
(Give praise to our Almighty  King)
Ɔyε yεn kyirtaafo, Ɔyε yεn Wura O
(He is our Support, He is our Lord) 
Ɔyε Ɔsabarima ee 
(He is the Almighty God)
Ɔsabarima
(Almighty God)
Sε yennyi W’ayε a, ɔnnyε o
(It is wrong not to praise You)
Sε yennyi N’ayε a, ɔnnyε o
(It is wrong not to praise Him)
Ewurade, yεn Wura o
(God our Lord)
Yεn Agyenkwa, yεn Wura
(Our Savior, Our Lord)
Ɔyε Ɔsabarima ee
(He is the Almighty)
Ɔsabarima
(Almighty)
Sε yennyi W’ayε a, ɔnnyε o
(It is wrong not to praise You)
Sε yennyi N’ayε a, ɔnnyε o
(It is wrong not to praise Him)",WONFA NDAASE MA YEN WURA O
"﻿Wonko to na Wo sε ayeyi
(You alone are worthy of praise)
Wonko to na Wo sε ndaase
(You alone deserves thanks)
Sε biribi wɔ aseda ekyir a 
(If there’s anything above praise)
Anka Wo na mede bεma Wo
(It is to You I will offer it)
Wonko to na Wo sε ayeyi
(You alone are worthy of praise)",WONKO TO NA WO SE AYEYI
"﻿Woyε Ɔnokwarefo, Agya Onyame
(You are the faithful one, our God and Father)
Yeyi W’ayε
(We praise You)
Yeyi W’ayε, Yεma Wo so daa
(We praise You, We exalt You)
Woyε Ɔnokwarefo, Agya Onyame
(You are the faithful one, our God and Father)
Yeyi W’ayε
(We praise You)","WOYE ONOKOAREFO, AGYA ONYAME"
"﻿Yεda w’ase Nyame 
(We thank You Lord)",YE DA W’ASE
"﻿Yεbεto Ebenezer
(We shall sing Ebenezer)
Nyame N’adom ara akwa
(Only by the grace of God)
Kae ade a Onyame ayε ama wo
(Remember what the Lord has done for you)
Na fa ndaase ma No
(And give thanks to Him)
Ebenezer, Nyame N’adom ara akwa
(Ebenezer, just by the grace of God)
Kae ade a Onyame ayε ama wo
(Remember what the Lord has done for you)
Na fa ndaase ma No
(And give thanks to Him)",YEBETO EBENEZER
"﻿Yebeyi Wo din N’aye
(We will praise Your name)
W’edi nkunim ama yεn
(You have overcome for us)
Oguamba wokum No
(The Lamb who was slain)
Ɔfata sε ɔgye ayeyi
(You are worthy of receiving all praise)
Nyame Eguamba, yebeyi Wo din N’ayε
(Lamb of God, we will praise Your name)",YEBEYI WO DIN N’AYE (OGUAMBA WOKUM NO)
"﻿Yeda W’ase a, efata
(You deserve our praise)
Yeyi W’ayε a, εfata
(You deserve our worship)
Efiri sε, W’eyi yεn firi owu mu
(Because He has delivered us from death)
Na W’ama yεn nkwa a enni ewie
(And gave us eternal life)
Ntsi yε da W’ase a, εfata
(And for this, You deserve all our praise)","YEDA W’ASE A, EFATA"
"﻿Yεda W’ase Nyame
(We thank You Lord)
Yεda W’ase 
(We thank You)",YEDA W’ASE NYAME
"﻿Yεda W’ase O Nyame Eguamba
(We thank You O Lamb of God)
Yeyi W’ayε Nyame Eguamba
(We praise You O Lamb of God)
Yε kamfo Wo Nyame Eguamba
(We glorify You Lamb of God)
Nyame Eguamba
(Lamb of God)
Yεda W’ase
(We thank You)",YEDA W’ASE O NYAME EGUAMBA
"﻿Yεda W’ase O
(We thank You)
Yeyi W’ayε Ɔhene kεse 
(We praise You our Mighty King)
Halleluyah
Ewurade Yesu
(Our Lord Jesus)
Ahenfo mu Ɔhene
(King of Kings)
Ewurade Yesu
(Our Lord Jesus)
Ɔyε Ewura mu Owura
(He is the Lord of Lords)
Yεda W’ase O
(We thank You)
Yeyi W’ayε Ɔhene kεse 
(We praise You our Mighty King)
Halleluyah","YEDA W’ASE O, YEYI W’AYE OHENE KESE"
"﻿Yεda W’ase, Yeyi W’ayε
(We thank You, We praise You)
Onyame Ɔbatan pa
(God our good mother)
Yεda W’ase
(We thank You)","YEDA W’ASE, YEYI W’AYE (ONYAME OBATAMPA)"
"﻿Ɔɔε
Yehowa yε krɔnkrɔn
(Jehovah is Holy)
Yew Ɔno ne krɔnkrɔn
(Yes, He is Holy) 
Ahotsewfo wɔn enyidaso
(The hope of the righteous)
Ɔno na Ɔyε krɔnkrɔn 
(He is holy)

",YEHOWA YE KRONKRON
"﻿Yεkoto Wo, na yεsɔre Wo
(We bow to You and we exalt You)
Nyame Eguamba, wofata ayeyi
(Lamb of God, You are worthy of praise)","YEKOTO WO, NA YESORE WO"
"﻿Yεn Nyankopɔn εne Wo; Y’awerεkyekyefo Nyame
(You are our God; Our Lord the Comforter)
Fa W’abasa to yεn so; hyira yεn daadaa nyinaa
(Place Your mighty hand over us; bless us always) ",YEN NYANKOPON ENE WO (FA W’ABASA TO YEN SO)
"﻿Yesu ba mu a, εbε yε yie
(With the Lord, it shall be well)
Ade a onipa enntumi ayε
(What was impossible with men)
Ade a abɔfo enntumi ayε
(What was impossible with angels)
Yesu ba mu a, εbε yε yie
(With the Lord, it shall be well)",YESU BA MU A EBEYE YIE (ADE A ONIPA ENTUMI AYE)
"﻿Yεwɔ Ɔhen kεse bi a oridi ma yεn
(We have a great King who intercedes for us)
Ɔrennto nko, ɔrennda, oridi ma yεn
(He never sleeps, He never slumbers; interceeding for us)
Na sε Ɔma Ne nsa so a, ade nyinaa yε din
(When He lifts up His hand, everything else becomes still)
Yesu ei, yε ma Wo so daa
(Jesus, we forever exalt You)
CHORUS
Yesu ei, yε ma Wo so daa
(Jesus, we forever exalt You)
Yesu ei, yε ma Wo so daa
(Jesus, we forever exalt You)
Wo na Wo ka εba mu O
(You are the One who speaks and it comes to pass)
Wo hyε nso a, egyina O
(When You declare it, it is established)
Yesu ei, yε ma Wo so daa
(Jesus, we forever exalt You)","YESU EI, YEMA WO SO DAA (YE WO OHEN KESE BI A)"
"﻿Yesu mo, ne a W’ayε dɔɔ so
(Thank You Jesus, You have done so much)
Tsetse tserenee Nyame ne Wo
(You are the Righteous Ancient of Days)
Ne a W’ayε dɔɔ so
(You have done so much)
Tsetse tserenee Nyame ne Wo
(You are the Righteous Ancient of Days)
Ne a W’ayε dɔɔ so
(You have done so much)","YESU MBO, NE A W’AYE DOO SO"
"﻿Yesu mogya no, ama m’ayε ɔdehye εndε
(The blood of Jesus has made me royalty today)","YESU MOGYA NO, AMA MAYE ODEHYE ENDE"
"﻿Yesu ndwuma so ampa
(Indeed, Jesus’ works are great)
Wo ndwuma so
(Your works are great)
Wo ndwuma so, ampa Wo ndwuma so
(Your works are great, indeed Your works are great)",YESU NDWUMA SO AMPA
"﻿Yesu Ne mogya no, ama menya nkwa
(The blood of Jesus has given me life)
Ne Ho mpira mu na, menya m’ayaresa
(By His stripes, I am healed)
Ne mogya soronko na, apepa me bɔne
(His blood has wiped away all my sins)
Yesu Kristo
(Jesus Christ) 
Nti me ma Wo amo
(For this, I say well done)
Mo Mo Mo
(Well done)
Yesu Kristo mo, me de me ma Wo amo
(Jesus Christ, well done; I say well done) ",YESU NE MOGYA NO (MO MO MO)
"﻿Yesu, W’ayε me ɔdehye
(Jesus has made me royalty)
Nti mεsom No daa
(For this I will forever praise Him)
Ɔno, na Owui, de gye me nkwa
(He died to save my life)
Oguamba wokum No
(Lamb of God that was slain)
Owui, ma me
(He died for me)
W’atɔ me aboɔden
(He has purchased me at a price)
Ɔno, na Owui, regye me nkwa
(He died to save my life)
Oguamba wokum No
(Lamb of God that was slain)",YESU W’AYE ME ODEHYE
"﻿Yesu ee
(Jesus)
Wo so
(You are great)
Na Wo krɔn
(And You are mighty)
Tumi yε Wo de
(All power belongs to You)
Nyansa yε Wo de
(All wisdom belongs to You)
Ahoɔden yε Wo de
(All strength belongs to You)
Enimunyam yε Wo de
(All glory belongs to You)
Asomdwee yε Wo de
(All peace belongs to You)
Yahweh
Wo so
(You are great)
Na Wo krɔn
(And You are mighty)",YESU WO SO
"﻿Yε de tumi nyinara ɔwɔ soro ne asaase
(All power in heaven and on earth)
Ahyε Yesu nsa sε yε bɔ Ne din a
(Have been given to Jesus Christ)
Yε bɔ Ne din a
(That at the mention of His Name)
Kotodwe nyina bε koto No
(Every knee will bow)
Tεkyerεma nyina di adansε sε
(Every tongue will confess) 
Yesu yε Ɔhen, Ɔhene ampa
(Jesus is King, the King of Kings)
Ɔkasa ma mframa nyinara yε din
(He speaks and the wind becomes still)
Ɔkasa ma asɔkyere nyinara yε din
(He speaks and stills the storm)
Ewurade N’asεm
(The Word of God)
N’asεm yε nokware ma me
(His Word is true)
Etsim hɔ daa
(It stands forever)
Kosi ewie
(Till the end)",YESU YΕ ϽHENE (YΕDE TUMI NYINARA)
"﻿Yesu ei, minni obiara ka Wo ho
(Jesus, I have no one but You)
Meni, meni da Wo so 
(My eyes, My eyes are on You)
Meni da Wo so
(My eyes are on You)
Yesu ei, minni obiara ka Wo ho
(Jesus, I have no one but You)
Meni, meni da Wo so 
(My eyes, My eyes are on You)","YESU, MENNI OBIARA KA WO HO, MENI DA WO SO"
"﻿Ɔɔε
Yeyi Wo din ayε 
(We praise Your Holy name)
Ɔteasefo, Ɔwanwa ni
(O Living God, O Wonderful God)
Yeyi Wo din ayε 
(We praise Your Holy name)",YEYI WO DIN AYE
"﻿Efiri sε, Oye na N’adɔyε wɔ hɔ daa
(Because He is good and His mercies shall endure)
Yi N’ayε, Yi N’ayε 
(Praise the Lord)
Yi Ewurade ayε
(Praise ye the Lord)",YI NA YE (EFIRI SE OYE)